의류수거함,address,ID,lat,lng
낙성대동-1,서울특별시 관악구 관악로10길 15,0,37.4766954,126.9548079
낙성대동-2,서울특별시 관악구 관악로10길 6,1,37.4766954,126.9548079
낙성대동-3,서울특별시 관악구 관악로10길 77,2,37.4766954,126.9548079
낙성대동-4,서울특별시 관악구 관악로10길 87,3,37.4766954,126.9548079
낙성대동-5,서울특별시 관악구 관악로12길 16,4,37.4766954,126.9548079
낙성대동-6,서울특별시 관악구 관악로12길 55,5,37.4766954,126.9548079
낙성대동-7,서울특별시 관악구 관악로14가길 28,6,37.4766954,126.9548079
낙성대동-8,서울특별시 관악구 관악로14길 38-9,7,37.4766954,126.9548079
낙성대동-9,서울특별시 관악구 관악로6길 104-7,8,37.4766954,126.9548079
낙성대동-10,서울특별시 관악구 관악로6길 15,9,37.4766954,126.9548079
낙성대동-11,서울특별시 관악구 관악로6길 15,10,37.4766954,126.9548079
낙성대동-12,서울특별시 관악구 관악로6길 21,11,37.4766954,126.9548079
낙성대동-13,서울특별시 관악구 관악로6길 36,12,37.4766954,126.9548079
낙성대동-14,서울특별시 관악구 관악로6길 49,13,37.4766954,126.9548079
낙성대동-15,서울특별시 관악구 관악로6길 50,14,37.4766954,126.9548079
낙성대동-16,서울특별시 관악구 관악로6길 77,15,37.4766954,126.9548079
낙성대동-17,서울특별시 관악구 관악로8길 32,16,37.4766954,126.9548079
낙성대동-18,서울특별시 관악구 관악로8길 43,17,37.4766954,126.9548079
낙성대동-19,서울특별시 관악구 낙성대로3길 11,18,37.4766954,126.9548079
낙성대동-20,서울특별시 관악구 낙성대로3길 21-4,19,37.4766954,126.9548079
낙성대동-21,서울특별시 관악구 낙성대로3길 33-17,20,37.4766954,126.9548079
낙성대동-22,서울특별시 관악구 낙성대로3길 8,21,37.4766954,126.9548079
낙성대동-23,서울특별시 관악구 낙성대로3길 9-21,22,37.4766954,126.9548079
낙성대동-24,서울특별시 관악구 낙성대로4길 18,23,37.4766954,126.9548079
낙성대동-25,서울특별시 관악구 낙성대역4길 34,24,37.4766954,126.9548079
낙성대동-26,서울특별시 관악구 낙성대역6길 20,25,37.4766954,126.9548079
낙성대동-27,서울특별시 관악구 낙성대역6길 27,26,37.4766954,126.9548079
낙성대동-28,서울특별시 관악구 낙성대역6길 8-16,27,37.4766954,126.9548079
낙성대동-29,서울특별시 관악구 낙성대역8길 43-16,28,37.4766954,126.9548079
낙성대동-30,서울특별시 관악구 낙성대역8길 47,29,37.4766954,126.9548079
낙성대동-31,서울특별시 관악구 낙성대역8길 49,30,37.4766954,126.9548079
낙성대동-32,서울특별시 관악구 낙성대역8길 50,31,37.4766954,126.9548079
낙성대동-33,서울특별시 관악구 남부순환로226길 41,32,37.4766954,126.9548079
낙성대동-34,서울특별시 관악구 남부순환로228길 6,33,37.4766954,126.9548079
낙성대동-35,서울특별시 관악구 남부순환로228길 75,34,37.4766954,126.9548079
낙성대동-36,서울특별시 관악구 남부순환로230길 112,35,37.4766954,126.9548079
낙성대동-37,서울특별시 관악구 남부순환로230길 98,36,37.4766954,126.9548079
낙성대동-38,서울특별시 관악구 남부순환로234길 82,37,37.4766954,126.9548079
낙성대동-39,서울특별시 관악구 남부순환로240길 36,38,37.4766954,126.9548079
낙성대동-40,서울특별시 관악구 남부순환로240길 40,39,37.4766954,126.9548079
난곡동-1,서울특별시 관악구 난곡로10길 10,40,37.4766954,126.9548079
난곡동-2,서울특별시 관악구 난곡로16가길 3-16,41,37.4766954,126.9548079
난곡동-3,서울특별시 관악구 난곡로16길 19,42,37.4766954,126.9548079
난곡동-4,서울특별시 관악구 난곡로20길 12,43,37.4766954,126.9548079
난곡동-5,서울특별시 관악구 난곡로20길 17,44,37.4766954,126.9548079
난곡동-6,서울특별시 관악구 난곡로24가길 33,45,37.4766954,126.9548079
난곡동-7,서울특별시 관악구 난곡로24길 64 101동,46,37.4766954,126.9548079
난곡동-8,서울특별시 관악구 난곡로24길 79,47,37.4766954,126.9548079
난곡동-9,서울특별시 관악구 난곡로24바길 16,48,37.4766954,126.9548079
난곡동-10,서울특별시 관악구 난곡로26길 43,49,37.4766954,126.9548079
난곡동-11,서울특별시 관악구 난곡로26길 64,50,37.4766954,126.9548079
난곡동-12,서울특별시 관악구 난곡로26길 71,51,37.4766954,126.9548079
난곡동-13,서울특별시 관악구 난곡로26길 84,52,37.4766954,126.9548079
난곡동-14,서울특별시 관악구 난곡로26나길 17,53,37.4766954,126.9548079
난곡동-15,서울특별시 관악구 난곡로26라길 33,54,37.4766954,126.9548079
난곡동-16,서울특별시 관악구 난곡로26라길 5,55,37.4766954,126.9548079
난곡동-17,서울특별시 관악구 난곡로26마길 24,56,37.4766954,126.9548079
난곡동-18,서울특별시 관악구 난곡로30길 40,57,37.4766954,126.9548079
난곡동-19,서울특별시 관악구 난곡로30나길 3,58,37.4766954,126.9548079
난곡동-20,서울특별시 관악구 난곡로31길 38,59,37.4766954,126.9548079
난곡동-21,서울특별시 관악구 난곡로34길 47,60,37.4766954,126.9548079
난곡동-22,서울특별시 관악구 난곡로34길 55-3,61,37.4766954,126.9548079
난곡동-23,서울특별시 관악구 난곡로34길 59,62,37.4766954,126.9548079
난곡동-24,서울특별시 관악구 난곡로34길 70,63,37.4766954,126.9548079
난곡동-25,서울특별시 관악구 난곡로34길 80 앞,64,37.4766954,126.9548079
난곡동-26,서울특별시 관악구 난곡로34나길 14,65,37.4766954,126.9548079
난곡동-27,서울특별시 관악구 난곡로34나길 47,66,37.4766954,126.9548079
난곡동-28,서울특별시 관악구 난곡로34나길 53,67,37.4766954,126.9548079
난곡동-29,서울특별시 관악구 난곡로34다길 15,68,37.4766954,126.9548079
난곡동-30,서울특별시 관악구 난곡로35길 13,69,37.4766954,126.9548079
난곡동-31,서울특별시 관악구 난곡로35길 48-8,70,37.4766954,126.9548079
난곡동-32,서울특별시 관악구 난곡로35길 68,71,37.4766954,126.9548079
난곡동-33,서울특별시 관악구 법원단지10길 107,72,37.4766954,126.9548079
난곡동-34,서울특별시 관악구 법원단지10길 41,73,37.4766954,126.9548079
난곡동-35,서울특별시 관악구 법원단지10길 56,74,37.4766954,126.9548079
난곡동-36,서울특별시 관악구 법원단지12길 21,75,37.4766954,126.9548079
난곡동-37,서울특별시 관악구 법원단지14길 29,76,37.4766954,126.9548079
난곡동-38,서울특별시 관악구 법원단지16길 1,77,37.4766954,126.9548079
난곡동-39,서울특별시 관악구 법원단지18길 13,78,37.4766954,126.9548079
난곡동-40,서울특별시 관악구 법원단지18길 30,79,37.4766954,126.9548079
난곡동-41,서울특별시 관악구 법원단지20길 28,80,37.4766954,126.9548079
난곡동-42,서울특별시 관악구 법원단지24길 26,81,37.4766954,126.9548079
난곡동-43,서울특별시 관악구 법원단지25길 17,82,37.4766954,126.9548079
난곡동-44,서울특별시 관악구 법원단지26길 25,83,37.4766954,126.9548079
난곡동-45,서울특별시 관악구 법원단지28길 26,84,37.4766954,126.9548079
난곡동-46,서울특별시 관악구 법원단지29길 22,85,37.4766954,126.9548079
난곡동-47,서울특별시 관악구 법원단지30길 14,86,37.4766954,126.9548079
난곡동-48,서울특별시 관악구 법원단지30길 27,87,37.4766954,126.9548079
난곡동-49,서울특별시 관악구 법원단지31길 16,88,37.4766954,126.9548079
난곡동-50,서울특별시 관악구 법원단지32길 28,89,37.4766954,126.9548079
난곡동-51,서울특별시 관악구 법원단지33길 11,90,37.4766954,126.9548079
난곡동-52,서울특별시 관악구 법원단지34길 3,91,37.4766954,126.9548079
난곡동-53,서울특별시 관악구 법원단지36길 1,92,37.4766954,126.9548079
난곡동-54,서울특별시 관악구 법원단지5가길 69,93,37.4766954,126.9548079
난곡동-55,서울특별시 관악구 법원단지5가길 84,94,37.4766954,126.9548079
난곡동-56,서울특별시 관악구 법원단지5가길 92,95,37.4766954,126.9548079
난곡동-57,서울특별시 관악구 법원단지5나길 28,96,37.4766954,126.9548079
난곡동-58,서울특별시 관악구 법원단지7길 18,97,37.4766954,126.9548079
난곡동-59,서울특별시 관악구 법원단지길 115,98,37.4766954,126.9548079
난곡동-60,서울특별시 관악구 법원단지길 130,99,37.4766954,126.9548079
난곡동-61,서울특별시 관악구 법원단지길 138,100,37.4766954,126.9548079
난향동-1,서울특별시 관악구 난곡로11길 33,101,37.4766954,126.9548079
난향동-2,서울특별시 관악구 난곡로11길 5,102,37.4766954,126.9548079
난향동-3,서울특별시 관악구 난곡로15길 14,103,37.4766954,126.9548079
난향동-4,서울특별시 관악구 난곡로9길 11 버스종점,104,37.4766954,126.9548079
난향동-5,서울특별시 관악구 난향10길 1,105,37.4766954,126.9548079
난향동-6,서울특별시 관악구 난향12길 3,106,37.4766954,126.9548079
난향동-7,서울특별시 관악구 난향15길 11,107,37.4766954,126.9548079
난향동-8,서울특별시 관악구 난향6길 15,108,37.4766954,126.9548079
난향동-9,서울특별시 관악구 난향6길 31,109,37.4766954,126.9548079
난향동-10,서울특별시 관악구 난향6길 31,110,37.4766954,126.9548079
난향동-11,서울특별시 관악구 난향7길 42,111,37.4766954,126.9548079
난향동-12,서울특별시 관악구 난향7길 60,112,37.4766954,126.9548079
난향동-13,서울특별시 관악구 난향9길 17,113,37.4766954,126.9548079
난향동-14,서울특별시 관악구 난향9길 61,114,37.4766954,126.9548079
난향동-15,서울특별시 관악구 난향길 37,115,37.4766954,126.9548079
난향동-16,서울특별시 관악구 난향길 37,116,37.4766954,126.9548079
남현동-1,서울특별시 관악구 남부순환로256가길 10,117,37.4766954,126.9548079
남현동-2,서울특별시 관악구 남부순환로256가길 6,118,37.4766954,126.9548079
남현동-3,서울특별시 관악구 남부순환로256나길 21,119,37.4766954,126.9548079
남현동-4,서울특별시 관악구 남부순환로256나길 7,120,37.4766954,126.9548079
남현동-5,서울특별시 관악구 남부순환로256다길 17,121,37.4766954,126.9548079
남현동-6,서울특별시 관악구 남부순환로256다길 5,122,37.4766954,126.9548079
남현동-7,서울특별시 관악구 남부순환로256라길 16,123,37.4766954,126.9548079
남현동-8,서울특별시 관악구 남부순환로256라길 26,124,37.4766954,126.9548079
남현동-9,서울특별시 관악구 남부순환로260길 27,125,37.4766954,126.9548079
남현동-10,서울특별시 관악구 남부순환로260길 36,126,37.4766954,126.9548079
남현동-11,서울특별시 관악구 남부순환로260길 43 우,127,37.4766954,126.9548079
남현동-12,서울특별시 관악구 남부순환로260길 43 좌,128,37.4766954,126.9548079
남현동-13,서울특별시 관악구 남부순환로260길 72,129,37.4766954,126.9548079
남현동-14,서울특별시 관악구 남부순환로260길 99 아래,130,37.4766954,126.9548079
남현동-15,서울특별시 관악구 남부순환로260길 99 위,131,37.4766954,126.9548079
남현동-16,서울특별시 관악구 남부순환로262길 24,132,37.4766954,126.9548079
남현동-17,서울특별시 관악구 남부순환로272길 55,133,37.4766954,126.9548079
남현동-18,서울특별시 관악구 남부순환로272길 23,134,37.4766954,126.9548079
남현동-19,서울특별시 관악구 남부순환로272길 28,135,37.4766954,126.9548079
남현동-20,서울특별시 관악구 남현12길 18,136,37.4766954,126.9548079
남현동-21,서울특별시 관악구 남현1가길 12-8,137,37.4766954,126.9548079
남현동-22,서울특별시 관악구 남현1가길 4,138,37.4766954,126.9548079
남현동-23,서울특별시 관악구 남현1가길 42-5,139,37.4766954,126.9548079
남현동-24,서울특별시 관악구 남현2길 93,140,37.4766954,126.9548079
남현동-25,서울특별시 관악구 남현3길 9,141,37.4766954,126.9548079
남현동-26,서울특별시 관악구 남현7길 20,142,37.4766954,126.9548079
남현동-27,서울특별시 관악구 남현7길 32,143,37.4766954,126.9548079
남현동-28,서울특별시 관악구 남현7길 46,144,37.4766954,126.9548079
남현동-29,서울특별시 관악구 남현길 42,145,37.4766954,126.9548079
남현동-30,서울특별시 관악구 남현길 64,146,37.4766954,126.9548079
남현동-31,서울특별시 관악구 남현길 79,147,37.4766954,126.9548079
남현동-32,서울특별시 관악구 승방10길 11-1,148,37.4766954,126.9548079
남현동-33,서울특별시 관악구 승방10길 19,149,37.4766954,126.9548079
남현동-34,서울특별시 관악구 승방1길 35,150,37.4766954,126.9548079
남현동-35,서울특별시 관악구 승방1길 40,151,37.4766954,126.9548079
남현동-36,서울특별시 관악구 승방1길 57,152,37.4766954,126.9548079
남현동-37,서울특별시 관악구 승방1길 73,153,37.4766954,126.9548079
남현동-38,서울특별시 관악구 승방1길 83,154,37.4766954,126.9548079
남현동-39,서울특별시 관악구 승방3가길 10,155,37.4766954,126.9548079
남현동-40,서울특별시 관악구 승방3가길 19,156,37.4766954,126.9548079
남현동-41,서울특별시 관악구 승방3가길 28,157,37.4766954,126.9548079
남현동-42,서울특별시 관악구 승방3가길 58,158,37.4766954,126.9548079
남현동-43,서울특별시 관악구 승방3가길 6,159,37.4766954,126.9548079
남현동-44,서울특별시 관악구 승방3나길 8,160,37.4766954,126.9548079
남현동-45,서울특별시 관악구 승방6길 18,161,37.4766954,126.9548079
남현동-46,서울특별시 관악구 승방6길 27,162,37.4766954,126.9548079
남현동-47,서울특별시 관악구 승방6길 6,163,37.4766954,126.9548079
남현동-48,서울특별시 관악구 승방6길 9,164,37.4766954,126.9548079
남현동-49,서울특별시 관악구 승방7길 1,165,37.4766954,126.9548079
남현동-50,서울특별시 관악구 승방9길 16,166,37.4766954,126.9548079
남현동-51,서울특별시 관악구 승방길 100,167,37.4766954,126.9548079
남현동-52,서울특별시 관악구 승방길 22 뒤,168,37.4766954,126.9548079
남현동-53,서울특별시 관악구 승방길 22 앞,169,37.4766954,126.9548079
남현동-54,서울특별시 관악구 승방길 22 옆,170,37.4766954,126.9548079
남현동-55,서울특별시 관악구 승방길 33,171,37.4766954,126.9548079
남현동-56,서울특별시 관악구 승방길 36,172,37.4766954,126.9548079
남현동-57,서울특별시 관악구 승방길 6,173,37.4766954,126.9548079
남현동-58,서울특별시 관악구 승방길 65,174,37.4766954,126.9548079
남현동-59,서울특별시 관악구 승방길 74,175,37.4766954,126.9548079
남현동-60,서울특별시 관악구 승방길 77,176,37.4766954,126.9548079
남현동-61,서울특별시 관악구 승방길 86,177,37.4766954,126.9548079
남현동-62,서울특별시 관악구 승방길 89,178,37.4766954,126.9548079
대학동-1,서울특별시 관악구 대학5길 29,179,37.4766954,126.9548079
대학동-2,서울특별시 관악구 대학5길 41,180,37.4766954,126.9548079
대학동-3,서울특별시 관악구 대학길 141,181,37.4766954,126.9548079
대학동-4,서울특별시 관악구 대학길 161,182,37.4766954,126.9548079
대학동-5,서울특별시 관악구 대학길 58-6,183,37.4766954,126.9548079
대학동-6,서울특별시 관악구 신림로11가길 28,184,37.4766954,126.9548079
대학동-7,서울특별시 관악구 신림로11길 121,185,37.4766954,126.9548079
대학동-8,서울특별시 관악구 신림로11길 125 앞,186,37.4766954,126.9548079
대학동-9,서울특별시 관악구 신림로11길 140-6,187,37.4766954,126.9548079
대학동-10,서울특별시 관악구 신림로11길 144,188,37.4766954,126.9548079
대학동-11,서울특별시 관악구 신림로11길 35,189,37.4766954,126.9548079
대학동-12,서울특별시 관악구 신림로15길 56,190,37.4766954,126.9548079
대학동-13,서울특별시 관악구 신림로17길 15,191,37.4766954,126.9548079
대학동-14,서울특별시 관악구 신림로19길 25 앞,192,37.4766954,126.9548079
대학동-15,서울특별시 관악구 신림로19길 51 앞,193,37.4766954,126.9548079
대학동-16,서울특별시 관악구 신림로19길 61 앞,194,37.4766954,126.9548079
대학동-17,서울특별시 관악구 신림로21길 62,195,37.4766954,126.9548079
대학동-18,서울특별시 관악구 신림로21길 66,196,37.4766954,126.9548079
대학동-19,서울특별시 관악구 신림로21길 9 앞,197,37.4766954,126.9548079
대학동-20,서울특별시 관악구 신림로23길 82,198,37.4766954,126.9548079
대학동-21,서울특별시 관악구 신림로3가길 19,199,37.4766954,126.9548079
대학동-22,서울특별시 관악구 신림로3가길 2,200,37.4766954,126.9548079
대학동-23,서울특별시 관악구 신림로3가길 32,201,37.4766954,126.9548079
대학동-24,서울특별시 관악구 신림로3가길 32,202,37.4766954,126.9548079
대학동-25,서울특별시 관악구 신림로3가길 40-24,203,37.4766954,126.9548079
대학동-26,서울특별시 관악구 신림로3가길 45,204,37.4766954,126.9548079
대학동-27,서울특별시 관악구 신림로3가길 46-17,205,37.4766954,126.9548079
대학동-28,서울특별시 관악구 신림로3가길 46-8,206,37.4766954,126.9548079
대학동-29,서울특별시 관악구 신림로3가길 63,207,37.4766954,126.9548079
대학동-30,서울특별시 관악구 신림로7가길 34 앞,208,37.4766954,126.9548079
대학동-31,서울특별시 관악구 신림로7가길 34 옆,209,37.4766954,126.9548079
대학동-32,서울특별시 관악구 신림로7길 15,210,37.4766954,126.9548079
대학동-33,서울특별시 관악구 신림로7길 32,211,37.4766954,126.9548079
대학동-34,서울특별시 관악구 신림로7길 33,212,37.4766954,126.9548079
대학동-35,서울특별시 관악구 신림로7나길 27,213,37.4766954,126.9548079
대학동-36,서울특별시 관악구 호암로20길 13,214,37.4766954,126.9548079
대학동-37,서울특별시 관악구 호암로20길 25,215,37.4766954,126.9548079
대학동-38,서울특별시 관악구 호암로20길 33,216,37.4766954,126.9548079
대학동-39,서울특별시 관악구 호암로20길 7,217,37.4766954,126.9548079
대학동-40,서울특별시 관악구 호암로22가길 6,218,37.4766954,126.9548079
대학동-41,서울특별시 관악구 호암로22길 15,219,37.4766954,126.9548079
대학동-42,서울특별시 관악구 호암로22길 5,220,37.4766954,126.9548079
대학동-43,서울특별시 관악구 호암로24가길 55,221,37.4766954,126.9548079
대학동-44,서울특별시 관악구 호암로24가길 77,222,37.4766954,126.9548079
대학동-45,서울특별시 관악구 호암로26가길 11,223,37.4766954,126.9548079
대학동-46,서울특별시 관악구 호암로26가길 53,224,37.4766954,126.9548079
미성동-1,서울특별시 관악구 난곡로34나길 18,225,37.4766954,126.9548079
미성동-2,서울특별시 관악구 난곡로40길 6,226,37.4766954,126.9548079
미성동-3,서울특별시 관악구 난곡로41길 28,227,37.4766954,126.9548079
미성동-4,서울특별시 관악구 난곡로41길 7,228,37.4766954,126.9548079
미성동-5,서울특별시 관악구 난곡로43길 8,229,37.4766954,126.9548079
미성동-6,서울특별시 관악구 난곡로45길 13,230,37.4766954,126.9548079
미성동-7,서울특별시 관악구 난곡로47길 23,231,37.4766954,126.9548079
미성동-8,서울특별시 관악구 난곡로48길 13,232,37.4766954,126.9548079
미성동-9,서울특별시 관악구 난곡로49길 23,233,37.4766954,126.9548079
미성동-10,서울특별시 관악구 난곡로51길 13,234,37.4766954,126.9548079
미성동-11,서울특별시 관악구 난곡로53길 14,235,37.4766954,126.9548079
미성동-12,서울특별시 관악구 난곡로57길 17,236,37.4766954,126.9548079
미성동-13,서울특별시 관악구 난곡로59길 23,237,37.4766954,126.9548079
미성동-14,서울특별시 관악구 난곡로61길 40,238,37.4766954,126.9548079
미성동-15,서울특별시 관악구 난곡로61길 6,239,37.4766954,126.9548079
미성동-16,서울특별시 관악구 난곡로63가길 21,240,37.4766954,126.9548079
미성동-17,서울특별시 관악구 난곡로63길 51,241,37.4766954,126.9548079
미성동-18,서울특별시 관악구 난곡로63길 65,242,37.4766954,126.9548079
미성동-19,서울특별시 관악구 난곡로63길 67-3,243,37.4766954,126.9548079
미성동-20,서울특별시 관악구 난곡로64가길 28,244,37.4766954,126.9548079
미성동-21,서울특별시 관악구 난곡로64가길 4,245,37.4766954,126.9548079
미성동-22,서울특별시 관악구 난곡로64길 55,246,37.4766954,126.9548079
미성동-23,서울특별시 관악구 난우10길 18,247,37.4766954,126.9548079
미성동-24,서울특별시 관악구 난우10길 18,248,37.4766954,126.9548079
미성동-25,서울특별시 관악구 난우10길 32,249,37.4766954,126.9548079
미성동-26,서울특별시 관악구 난우16길 36,250,37.4766954,126.9548079
미성동-27,서울특별시 관악구 난우16길 63-14,251,37.4766954,126.9548079
미성동-28,서울특별시 관악구 난우길 34-16,252,37.4766954,126.9548079
미성동-29,서울특별시 관악구 난우길 45,253,37.4766954,126.9548079
미성동-30,서울특별시 관악구 남부순환로142길 70,254,37.4766954,126.9548079
미성동-31,서울특별시 관악구 남부순환로142길 70,255,37.4766954,126.9548079
미성동-32,서울특별시 관악구 남부순환로142길 70,256,37.4766954,126.9548079
미성동-33,서울특별시 관악구 남부순환로142길 70,257,37.4766954,126.9548079
미성동-34,서울특별시 관악구 남부순환로152가길 34,258,37.4766954,126.9548079
미성동-35,서울특별시 관악구 남부순환로152길 23,259,37.4766954,126.9548079
미성동-36,서울특별시 관악구 남부순환로152길 60,260,37.4766954,126.9548079
미성동-37,서울특별시 관악구 남부순환로154길 36,261,37.4766954,126.9548079
미성동-38,서울특별시 관악구 남부순환로154길 46,262,37.4766954,126.9548079
미성동-39,서울특별시 관악구 문성로16길 13,263,37.4766954,126.9548079
미성동-40,서울특별시 관악구 문성로16길 45,264,37.4766954,126.9548079
미성동-41,서울특별시 관악구 문성로16길 45,265,37.4766954,126.9548079
미성동-42,서울특별시 관악구 문성로16나길 21,266,37.4766954,126.9548079
미성동-43,서울특별시 관악구 문성로16다길 76,267,37.4766954,126.9548079
미성동-44,서울특별시 관악구 문성로16다길 76,268,37.4766954,126.9548079
미성동-45,서울특별시 관악구 미성3길 38,269,37.4766954,126.9548079
미성동-46,서울특별시 관악구 미성3길 40,270,37.4766954,126.9548079
미성동-47,서울특별시 관악구 미성5길 18,271,37.4766954,126.9548079
미성동-48,서울특별시 관악구 미성5길 18,272,37.4766954,126.9548079
미성동-49,서울특별시 관악구 미성5길 20-9,273,37.4766954,126.9548079
미성동-50,서울특별시 관악구 미성5길 30,274,37.4766954,126.9548079
미성동-51,서울특별시 관악구 미성8길 28,275,37.4766954,126.9548079
미성동-52,서울특별시 관악구 미성8길 3-20,276,37.4766954,126.9548079
미성동-53,서울특별시 관악구 미성8길 3-20,277,37.4766954,126.9548079
미성동-54,서울특별시 관악구 미성길 122 정문,278,37.4766954,126.9548079
미성동-55,서울특별시 관악구 미성길 34,279,37.4766954,126.9548079
미성동-56,서울특별시 관악구 미성길 34,280,37.4766954,126.9548079
미성동-57,서울특별시 관악구 미성길 48,281,37.4766954,126.9548079
미성동-58,서울특별시 관악구 미성길 50,282,37.4766954,126.9548079
미성동-59,서울특별시 관악구 미성길 64,283,37.4766954,126.9548079
미성동-60,서울특별시 관악구 미성길 64,284,37.4766954,126.9548079
미성동-61,서울특별시 관악구 법원단지3길 24,285,37.4766954,126.9548079
미성동-62,서울특별시 관악구 법원단지3길 34,286,37.4766954,126.9548079
미성동-63,서울특별시 관악구 법원단지5가길 10,287,37.4766954,126.9548079
미성동-64,서울특별시 관악구 법원단지5가길 28,288,37.4766954,126.9548079
미성동-65,서울특별시 관악구 법원단지5길 17,289,37.4766954,126.9548079
미성동-66,서울특별시 관악구 법원단지5길 64,290,37.4766954,126.9548079
미성동-67,서울특별시 관악구 법원단지5길 69,291,37.4766954,126.9548079
미성동-68,서울특별시 관악구 법원단지5나길 45,292,37.4766954,126.9548079
미성동-69,서울특별시 관악구 법원단지5나길 66,293,37.4766954,126.9548079
미성동-70,서울특별시 관악구 법원단지5나길 7,294,37.4766954,126.9548079
미성동-71,서울특별시 관악구 법원단지5다길 26,295,37.4766954,126.9548079
미성동-72,서울특별시 관악구 법원단지5라길 26,296,37.4766954,126.9548079
미성동-73,서울특별시 관악구 법원단지5라길 26,297,37.4766954,126.9548079
미성동-74,서울특별시 관악구 법원단지5라길 31,298,37.4766954,126.9548079
삼성동-1,서울특별시 관악구 동마길 10,299,37.4766954,126.9548079
삼성동-2,서울특별시 관악구 성림길 7,300,37.4766954,126.9548079
삼성동-3,서울특별시 관악구 신림로29길 3-13,301,37.4766954,126.9548079
삼성동-4,서울특별시 관악구 신우길 3 옆,302,37.4766954,126.9548079
삼성동-5,서울특별시 관악구 약수암길 11,303,37.4766954,126.9548079
삼성동-6,서울특별시 관악구 약수암길 13-1,304,37.4766954,126.9548079
삼성동-7,서울특별시 관악구 약수암길 23,305,37.4766954,126.9548079
삼성동-8,서울특별시 관악구 양산길 11,306,37.4766954,126.9548079
삼성동-9,서울특별시 관악구 양산길 33,307,37.4766954,126.9548079
삼성동-10,서울특별시 관악구 양지10길 15-1,308,37.4766954,126.9548079
삼성동-11,서울특별시 관악구 양지10길 2-1,309,37.4766954,126.9548079
삼성동-12,서울특별시 관악구 양지12길 8,310,37.4766954,126.9548079
삼성동-13,서울특별시 관악구 양지길 41,311,37.4766954,126.9548079
삼성동-14,서울특별시 관악구 양지길 49,312,37.4766954,126.9548079
삼성동-15,서울특별시 관악구 양지길 58,313,37.4766954,126.9548079
삼성동-16,서울특별시 관악구 양지길 76,314,37.4766954,126.9548079
삼성동-17,서울특별시 관악구 양지길 94,315,37.4766954,126.9548079
삼성동-18,서울특별시 관악구 원신길 233 앞,316,37.4766954,126.9548079
삼성동-19,서울특별시 관악구 태흥길 7,317,37.4766954,126.9548079
삼성동-20,서울특별시 관악구 호암로16길 36,318,37.4766954,126.9548079
삼성동-21,서울특별시 관악구 호암로16길 45,319,37.4766954,126.9548079
삼성동-22,서울특별시 관악구 호암로18길 33,320,37.4766954,126.9548079
삼성동-23,서울특별시 관악구 호암로18나길 16,321,37.4766954,126.9548079
삼성동-24,서울특별시 관악구 호암로18나길 28 앞,322,37.4766954,126.9548079
삼성동-25,서울특별시 관악구 호암로18나길 5,323,37.4766954,126.9548079
서림동-1,서울특별시 관악구 복은10길 23,324,37.4766954,126.9548079
서림동-2,서울특별시 관악구 복은2길 30,325,37.4766954,126.9548079
서림동-3,서울특별시 관악구 복은4길 5,326,37.4766954,126.9548079
서림동-4,서울특별시 관악구 복은7길 42,327,37.4766954,126.9548079
서림동-5,서울특별시 관악구 복은길 12,328,37.4766954,126.9548079
서림동-6,서울특별시 관악구 복은길 22,329,37.4766954,126.9548079
서림동-7,서울특별시 관악구 복은길 30,330,37.4766954,126.9548079
서림동-8,서울특별시 관악구 복은길 58-27,331,37.4766954,126.9548079
서림동-9,서울특별시 관악구 복은길 59-14,332,37.4766954,126.9548079
서림동-10,서울특별시 관악구 복은길 76,333,37.4766954,126.9548079
서림동-11,서울특별시 관악구 복은길 79,334,37.4766954,126.9548079
서림동-12,서울특별시 관악구 복은길129-13,335,37.4766954,126.9548079
서림동-13,서울특별시 관악구 서림1길 4,336,37.4766954,126.9548079
서림동-14,서울특별시 관악구 서림3길 59,337,37.4766954,126.9548079
서림동-15,서울특별시 관악구 서림3길 60,338,37.4766954,126.9548079
서림동-16,서울특별시 관악구 서림3길 64,339,37.4766954,126.9548079
서림동-17,서울특별시 관악구 서림3길 69-5,340,37.4766954,126.9548079
서림동-18,서울특별시 관악구 서림5길 23,341,37.4766954,126.9548079
서림동-19,서울특별시 관악구 서림7길 39,342,37.4766954,126.9548079
서림동-20,서울특별시 관악구 서림7길 66,343,37.4766954,126.9548079
서림동-21,서울특별시 관악구 서림9길 30,344,37.4766954,126.9548079
서림동-22,서울특별시 관악구 서림길 107,345,37.4766954,126.9548079
서림동-23,서울특별시 관악구 서림길 118,346,37.4766954,126.9548079
서림동-24,서울특별시 관악구 서림길 40,347,37.4766954,126.9548079
서림동-25,서울특별시 관악구 서림길 40,348,37.4766954,126.9548079
서림동-26,서울특별시 관악구 서림길 99-6,349,37.4766954,126.9548079
서림동-27,서울특별시 관악구 신림로14길 31,350,37.4766954,126.9548079
서림동-28,서울특별시 관악구 신림로18가길 42,351,37.4766954,126.9548079
서림동-29,서울특별시 관악구 신림로18가길 9,352,37.4766954,126.9548079
서림동-30,서울특별시 관악구 신림로22길 18,353,37.4766954,126.9548079
서림동-31,서울특별시 관악구 신림로22길 29,354,37.4766954,126.9548079
서림동-32,서울특별시 관악구 신림로26길 16-4,355,37.4766954,126.9548079
서림동-33,서울특별시 관악구 신림로26길 5,356,37.4766954,126.9548079
서림동-34,서울특별시 관악구 쑥고개로2가길 6,357,37.4766954,126.9548079
서림동-35,서울특별시 관악구 쑥고개로2다길 18-6,358,37.4766954,126.9548079
서림동-36,서울특별시 관악구 쑥고개로2다길 26,359,37.4766954,126.9548079
서림동-37,서울특별시 관악구 쑥고개로2다길 7,360,37.4766954,126.9548079
서림동-38,서울특별시 관악구 쑥고개로2라길 7,361,37.4766954,126.9548079
서림동-39,서울특별시 관악구 참숯1길 67,362,37.4766954,126.9548079
서림동-40,서울특별시 관악구 참숯1길 67,363,37.4766954,126.9548079
서림동-41,서울특별시 관악구 참숯5길 10,364,37.4766954,126.9548079
서림동-42,서울특별시 관악구 참숯5길 10,365,37.4766954,126.9548079
서림동-43,서울특별시 관악구 참숯5길 24,366,37.4766954,126.9548079
서원동-1,서울특별시 관악구 남부순환로156길 9,367,37.4766954,126.9548079
서원동-2,서울특별시 관악구 남부순환로182길 14,368,37.4766954,126.9548079
서원동-3,서울특별시 관악구 남부순환로182길 28,369,37.4766954,126.9548079
서원동-4,서울특별시 관악구 남부순환로182길 30,370,37.4766954,126.9548079
서원동-5,서울특별시 관악구 남부순환로184가길 17,371,37.4766954,126.9548079
서원동-6,서울특별시 관악구 남부순환로184가길 23,372,37.4766954,126.9548079
서원동-7,서울특별시 관악구 남부순환로184길 30,373,37.4766954,126.9548079
서원동-8,서울특별시 관악구 남부순환로190가길 23,374,37.4766954,126.9548079
서원동-9,서울특별시 관악구 남부순환로190가길 33,375,37.4766954,126.9548079
서원동-10,서울특별시 관악구 남부순환로190가길 43,376,37.4766954,126.9548079
서원동-11,서울특별시 관악구 남부순환로190길 5,377,37.4766954,126.9548079
서원동-12,서울특별시 관악구 남부순환로194길 12,378,37.4766954,126.9548079
서원동-13,서울특별시 관악구 남부순환로194길 17,379,37.4766954,126.9548079
서원동-14,서울특별시 관악구 남부순환로194길 48,380,37.4766954,126.9548079
서원동-15,서울특별시 관악구 남부순환로194길 72,381,37.4766954,126.9548079
서원동-16,서울특별시 관악구 남부순환로194길 81,382,37.4766954,126.9548079
서원동-17,서울특별시 관악구 남부순환로194길 97,383,37.4766954,126.9548079
서원동-18,서울특별시 관악구 남부순환로200가길 17,384,37.4766954,126.9548079
서원동-19,서울특별시 관악구 남부순환로200나길 1,385,37.4766954,126.9548079
서원동-20,서울특별시 관악구 남부순환로200나길 26,386,37.4766954,126.9548079
서원동-21,서울특별시 관악구 문성로38가길 15,387,37.4766954,126.9548079
서원동-22,서울특별시 관악구 문성로38가길 15,388,37.4766954,126.9548079
서원동-23,서울특별시 관악구 문성로38가길 23,389,37.4766954,126.9548079
서원동-24,서울특별시 관악구 문성로38길 27,390,37.4766954,126.9548079
서원동-25,서울특별시 관악구 문성로38길 28,391,37.4766954,126.9548079
서원동-26,서울특별시 관악구 문성로38길 33,392,37.4766954,126.9548079
서원동-27,서울특별시 관악구 문성로38길 46,393,37.4766954,126.9548079
서원동-28,서울특별시 관악구 문성로38길 49,394,37.4766954,126.9548079
서원동-29,서울특별시 관악구 문성로38길 63-7,395,37.4766954,126.9548079
서원동-30,서울특별시 관악구 문성로38길 67,396,37.4766954,126.9548079
서원동-31,서울특별시 관악구 문성로38길 69-7,397,37.4766954,126.9548079
서원동-32,서울특별시 관악구 문성로38나길 14,398,37.4766954,126.9548079
서원동-33,서울특별시 관악구 문성로38다길 15,399,37.4766954,126.9548079
서원동-34,서울특별시 관악구 문성로38다길 28,400,37.4766954,126.9548079
서원동-35,서울특별시 관악구 문성로38다길 29,401,37.4766954,126.9548079
서원동-36,서울특별시 관악구 문성로38라길 20,402,37.4766954,126.9548079
서원동-37,서울특별시 관악구 문성로40길 23,403,37.4766954,126.9548079
서원동-38,서울특별시 관악구 문성로40길 34,404,37.4766954,126.9548079
서원동-39,서울특별시 관악구 문성로40길 4,405,37.4766954,126.9548079
서원동-40,서울특별시 관악구 문성로40길 5,406,37.4766954,126.9548079
서원동-41,서울특별시 관악구 서원10길 19,407,37.4766954,126.9548079
서원동-42,서울특별시 관악구 서원10길 19,408,37.4766954,126.9548079
서원동-43,서울특별시 관악구 서원10길 3,409,37.4766954,126.9548079
서원동-44,서울특별시 관악구 서원10길 4,410,37.4766954,126.9548079
서원동-45,서울특별시 관악구 서원3길 1,411,37.4766954,126.9548079
서원동-46,서울특별시 관악구 서원3길 20,412,37.4766954,126.9548079
서원동-47,서울특별시 관악구 서원3길 35,413,37.4766954,126.9548079
서원동-48,서울특별시 관악구 서원4길 13,414,37.4766954,126.9548079
서원동-49,서울특별시 관악구 서원4길 9,415,37.4766954,126.9548079
서원동-50,서울특별시 관악구 서원5길 19,416,37.4766954,126.9548079
서원동-51,서울특별시 관악구 서원5길 22,417,37.4766954,126.9548079
서원동-52,서울특별시 관악구 서원5길 36,418,37.4766954,126.9548079
서원동-53,서울특별시 관악구 서원6길 1,419,37.4766954,126.9548079
서원동-54,서울특별시 관악구 서원6길 23,420,37.4766954,126.9548079
서원동-55,서울특별시 관악구 서원6길 28,421,37.4766954,126.9548079
서원동-56,서울특별시 관악구 서원7길 18,422,37.4766954,126.9548079
서원동-57,서울특별시 관악구 서원7길 7,423,37.4766954,126.9548079
서원동-58,서울특별시 관악구 서원길 18,424,37.4766954,126.9548079
서원동-59,서울특별시 관악구 서원길 27-3,425,37.4766954,126.9548079
서원동-60,서울특별시 관악구 서원길 36,426,37.4766954,126.9548079
서원동-61,서울특별시 관악구 서원길 4,427,37.4766954,126.9548079
서원동-62,서울특별시 관악구 서원길 4 사계절 DC마트,,,
서원동-63,서울특별시 관악구 신림로31가길 11,,,
서원동-64,서울특별시 관악구 신림로31가길 20,,,
서원동-65,서울특별시 관악구 신림로39길 12,,,
서원동-66,서울특별시 관악구 신림로39길 6,,,
서원동-67,서울특별시 관악구 신림로41길 8,,,
서원동-68,서울특별시 관악구 신림로44가길 16,,,
서원동-69,서울특별시 관악구 신림로44가길 22,,,
서원동-70,서울특별시 관악구 신림로44가길 25,,,
서원동-71,서울특별시 관악구 신림로44가길 38,,,
서원동-72,서울특별시 관악구 신림로44가길 39,,,
서원동-73,서울특별시 관악구 신림로44길 7,,,
서원동-74,서울특별시 관악구 신림로44나길 26,,,
서원동-75,서울특별시 관악구 신림로46길 8,,,
서원동-76,서울특별시 관악구 신림로48길 18,,,
서원동-77,서울특별시 관악구 신림로48길 40,,,
서원동-78,서울특별시 관악구 신림로48길 54,,,
서원동-79,서울특별시 관악구 신림로48나길 21,,,
서원동-80,서울특별시 관악구 신림로50길 17-17,,,
서원동-81,서울특별시 관악구 신림로54가길 10,,,
서원동-82,서울특별시 관악구 신림로54가길 5,,,
서원동-83,서울특별시 관악구 신림로54길 8,,,
서원동-84,서울특별시 관악구 신림로58가길 17,,,
서원동-85,서울특별시 관악구 신림로58가길 21,,,
서원동-86,서울특별시 관악구 신림로58가길 7-5,,,
서원동-87,서울특별시 관악구 신림로58길 30,,,
서원동-88,서울특별시 관악구 신림로58길 42,,,
서원동-89,서울특별시 관악구 신림로58길 42,,,
서원동-90,서울특별시 관악구 신림로58길 47-6,,,
서원동-91,서울특별시 관악구 쑥고개로3길 10,,,
서원동-92,서울특별시 관악구 쑥고개로3길 16,,,
서원동-93,서울특별시 관악구 쑥고개로3길 2,,,
신사동-1,서울특별시 관악구 관천로11길 1,,,
신사동-2,서울특별시 관악구 관천로11길 103,,,
신사동-3,서울특별시 관악구 관천로11길 120,,,
신사동-4,서울특별시 관악구 관천로11길 41,,,
신사동-5,서울특별시 관악구 관천로11길 49,,,
신사동-6,서울특별시 관악구 관천로12길 3,,,
신사동-7,서울특별시 관악구 관천로15길 10,,,
신사동-8,서울특별시 관악구 관천로15길 39,,,
신사동-9,서울특별시 관악구 관천로19길 37,,,
신사동-10,서울특별시 관악구 관천로19길 37,,,
신사동-11,서울특별시 관악구 관천로19길 54,,,
신사동-12,서울특별시 관악구 관천로19길 84,,,
신사동-13,서울특별시 관악구 관천로19길 84,,,
신사동-14,서울특별시 관악구 관천로21길 25,,,
신사동-15,서울특별시 관악구 관천로25길 15,,,
신사동-16,서울특별시 관악구 난곡로66길 17,,,
신사동-17,서울특별시 관악구 난곡로75길 14,,,
신사동-18,서울특별시 관악구 남부순환로149길 10,,,
신사동-19,서울특별시 관악구 남부순환로149길 38,,,
신사동-20,서울특별시 관악구 남부순환로149길 46,,,
신사동-21,서울특별시 관악구 남부순환로149길 47,,,
신사동-22,서울특별시 관악구 남부순환로151길 13,,,
신사동-23,서울특별시 관악구 남부순환로151길 16,,,
신사동-24,서울특별시 관악구 남부순환로151길 2-5,,,
신사동-25,서울특별시 관악구 남부순환로153길 10,,,
신사동-26,서울특별시 관악구 남부순환로153길 51,,,
신사동-27,서울특별시 관악구 남부순환로157길 26,,,
신사동-28,서울특별시 관악구 남부순환로161길 48,,,
신사동-29,서울특별시 관악구 남부순환로161길 75,,,
신사동-30,서울특별시 관악구 남부순환로161나길 32-11,,,
신사동-31,서울특별시 관악구 남부순환로161나길 38,,,
신사동-32,서울특별시 관악구 남부순환로163가길 17,,,
신사동-33,서울특별시 관악구 남부순환로163가길 25,,,
신사동-34,서울특별시 관악구 남부순환로165길 54,,,
신사동-35,서울특별시 관악구 남부순환로167길 14,,,
신사동-36,서울특별시 관악구 남부순환로167길 42,,,
신사동-37,서울특별시 관악구 남부순환로167길 42,,,
신사동-38,서울특별시 관악구 신사로20길 43,,,
신사동-39,서울특별시 관악구 신사로20길 8-7,,,
신사동-40,서울특별시 관악구 신사로26길 16,,,
신사동-41,서울특별시 관악구 신사로26길 18,,,
신사동-42,서울특별시 관악구 신사로26길 8,,,
신사동-43,서울특별시 관악구 신사로26길 8,,,
신사동-44,서울특별시 관악구 조원로31길 11,,,
신사동-45,서울특별시 관악구 조원로31길 32,,,
신사동-46,서울특별시 관악구 조원로31길 7,,,
신원동-1,서울특별시 관악구 남부순환로160길 13,,,
신원동-2,서울특별시 관악구 남부순환로160길 13,,,
신원동-3,서울특별시 관악구 남부순환로164길 24,,,
신원동-4,서울특별시 관악구 남부순환로166길 59,,,
신원동-5,서울특별시 관악구 남부순환로170길 13,,,
신원동-6,서울특별시 관악구 남부순환로170길 22,,,
신원동-7,서울특별시 관악구 남부순환로172길 1,,,
신원동-8,서울특별시 관악구 남부순환로172길 59-5,,,
신원동-9,서울특별시 관악구 문성로25길 11,,,
신원동-10,서울특별시 관악구 문성로28길 30,,,
신원동-11,서울특별시 관악구 문성로30길 19,,,
신원동-12,서울특별시 관악구 문성로30길 28,,,
신원동-13,서울특별시 관악구 문성로31길 16,,,
신원동-14,서울특별시 관악구 문성로38길 41,,,
신원동-15,서울특별시 관악구 신림로53가길 5,,,
신원동-16,서울특별시 관악구 신림로53길 3,,,
신원동-17,서울특별시 관악구 신원로3길 19-7,,,
신원동-18,서울특별시 관악구 신원로4길 16,,,
신원동-19,서울특별시 관악구 신원로4길 28,,,
신원동-20,서울특별시 관악구 신원로4길 32,,,
인헌동-1,서울특별시 관악구 낙성대역10길 23-8,,,
인헌동-2,서울특별시 관악구 낙성대역10길 39,,,
인헌동-3,서울특별시 관악구 낙성대역14가길 10,,,
인헌동-4,서울특별시 관악구 낙성대역14가길 3,,,
인헌동-5,서울특별시 관악구 낙성대역14길 18,,,
인헌동-6,서울특별시 관악구 낙성대역14길 3,,,
인헌동-7,서울특별시 관악구 낙성대역14길 42,,,
인헌동-8,서울특별시 관악구 낙성대역16길 29,,,
인헌동-9,서울특별시 관악구 낙성대역18길 20,,,
인헌동-10,서울특별시 관악구 낙성대역18길 3,,,
인헌동-11,서울특별시 관악구 낙성대역18길 5,,,
인헌동-12,서울특별시 관악구 낙성대역4길 12-22,,,
인헌동-13,서울특별시 관악구 낙성대역길 24,,,
인헌동-14,서울특별시 관악구 낙성대역길 24,,,
인헌동-15,서울특별시 관악구 낙성대역길 78,,,
인헌동-16,서울특별시 관악구 남부순환로246길 30,,,
인헌동-17,서울특별시 관악구 남부순환로246길 32-19,,,
인헌동-18,서울특별시 관악구 남부순환로246다길 16,,,
인헌동-19,서울특별시 관악구 남부순환로246다길 20,,,
인헌동-20,서울특별시 관악구 남부순환로246다길 30,,,
인헌동-21,서울특별시 관악구 인헌11길 9,,,
인헌동-22,서울특별시 관악구 인헌12길 32,,,
인헌동-23,서울특별시 관악구 인헌12길 47,,,
인헌동-24,서울특별시 관악구 인헌12길 55,,,
인헌동-25,서울특별시 관악구 인헌12다길 2,,,
인헌동-26,서울특별시 관악구 인헌13길 46,,,
인헌동-27,서울특별시 관악구 인헌14길 24,,,
인헌동-28,서울특별시 관악구 인헌15길 19,,,
인헌동-29,서울특별시 관악구 인헌15길 5,,,
인헌동-30,서울특별시 관악구 인헌16가길 37,,,
인헌동-31,서울특별시 관악구 인헌16가길 47,,,
인헌동-32,서울특별시 관악구 인헌16길 25,,,
인헌동-33,서울특별시 관악구 인헌16길 25-6,,,
인헌동-34,서울특별시 관악구 인헌16길 50,,,
인헌동-35,서울특별시 관악구 인헌16나길 20,,,
인헌동-36,서울특별시 관악구 인헌16나길 7,,,
인헌동-37,서울특별시 관악구 인헌16다길 19,,,
인헌동-38,서울특별시 관악구 인헌16다길 31,,,
인헌동-39,서울특별시 관악구 인헌16다길 42,,,
인헌동-40,서울특별시 관악구 인헌16다길 9,,,
인헌동-41,서울특별시 관악구 인헌17길 23,,,
인헌동-42,서울특별시 관악구 인헌17길 9,,,
인헌동-43,서울특별시 관악구 인헌19길 25,,,
인헌동-44,서울특별시 관악구 인헌19길 3,,,
인헌동-45,서울특별시 관악구 인헌1가길 30,,,
인헌동-46,서울특별시 관악구 인헌1길 37-4,,,
인헌동-47,서울특별시 관악구 인헌1길 55-7,,,
인헌동-48,서울특별시 관악구 인헌1나길 24-22,,,
인헌동-49,서울특별시 관악구 인헌1나길 24-24,,,
인헌동-50,서울특별시 관악구 인헌1나길 3,,,
인헌동-51,서울특별시 관악구 인헌1나길 5,,,
인헌동-52,서울특별시 관악구 인헌1다길 35,,,
인헌동-53,서울특별시 관악구 인헌1다길 47,,,
인헌동-54,서울특별시 관악구 인헌21길 35,,,
인헌동-55,서울특별시 관악구 인헌23길 18,,,
인헌동-56,서울특별시 관악구 인헌23길 34,,,
인헌동-57,서울특별시 관악구 인헌3길 14,,,
인헌동-58,서울특별시 관악구 인헌3길 41,,,
인헌동-59,서울특별시 관악구 인헌4길 11,,,
인헌동-60,서울특별시 관악구 인헌7길 8,,,
인헌동-61,서울특별시 관악구 인헌9길 19,,,
인헌동-62,서울특별시 관악구 인헌9길 46,,,
인헌동-63,서울특별시 관악구 인헌9길 77,,,
인헌동-64,서울특별시 관악구 인헌길 100,,,
인헌동-65,서울특별시 관악구 인헌길 126,,,
인헌동-66,서울특별시 관악구 인헌길 151-5,,,
인헌동-67,서울특별시 관악구 인헌길 155,,,
인헌동-68,서울특별시 관악구 인헌길 167,,,
인헌동-69,서울특별시 관악구 인헌길 169-11,,,
인헌동-70,서울특별시 관악구 인헌길 169-21,,,
인헌동-71,서울특별시 관악구 인헌길 169-9,,,
인헌동-72,서울특별시 관악구 인헌길 33-12,,,
조원동-1,서울특별시 관악구 난곡로65길 24,,,
조원동-2,서울특별시 관악구 남부순환로125길 8,,,
조원동-3,서울특별시 관악구 남부순환로125길 8,,,
조원동-4,서울특별시 관악구 남부순환로141길 5,,,
조원동-5,서울특별시 관악구 남부순환로143가길 43,,,
조원동-6,서울특별시 관악구 남부순환로143길 10 앞,,,
조원동-7,서울특별시 관악구 남부순환로143길 27,,,
조원동-8,서울특별시 관악구 남부순환로143길 47,,,
조원동-9,서울특별시 관악구 남부순환로145길 11-3,,,
조원동-10,서울특별시 관악구 시흥대로162길 16,,,
조원동-11,서울특별시 관악구 시흥대로162길 6,,,
조원동-12,서울특별시 관악구 시흥대로164길 13,,,
조원동-13,서울특별시 관악구 시흥대로166길 14,,,
조원동-14,서울특별시 관악구 조원로10길 39,,,
조원동-15,서울특별시 관악구 조원로14길 32,,,
조원동-16,서울특별시 관악구 조원로16가길 42,,,
조원동-17,서울특별시 관악구 조원로16가길 51,,,
조원동-18,서울특별시 관악구 조원로16길 40,,,
조원동-19,서울특별시 관악구 조원로18길 18-1,,,
조원동-20,서울특별시 관악구 조원로18길 25,,,
조원동-21,서울특별시 관악구 조원로18길 5,,,
조원동-22,서울특별시 관악구 조원로2길 88,,,
조원동-23,서울특별시 관악구 조원로2길 89,,,
조원동-24,서울특별시 관악구 조원로6길 1 건너편,,,
조원동-25,서울특별시 관악구 조원중앙로1길 65,,,
조원동-26,서울특별시 관악구 조원중앙로2길 14,,,
조원동-27,서울특별시 관악구 조원중앙로2길 2,,,
조원동-28,서울특별시 관악구 조원중앙로2길 99,,,
청룡동-1,서울특별시 관악구 관악로11길 17,,,
청룡동-2,서울특별시 관악구 관악로11길 41,,,
청룡동-3,서울특별시 관악구 관악로11길 50,,,
청룡동-4,서울특별시 관악구 관악로11길 69,,,
청룡동-5,서울특별시 관악구 관악로15길 26,,,
청룡동-6,서울특별시 관악구 관악로15길 47-19,,,
청룡동-7,서울특별시 관악구 관악로15길 54,,,
청룡동-8,서울특별시 관악구 관악로17길 37,,,
청룡동-9,서울특별시 관악구 관악로5길 33,,,
청룡동-10,서울특별시 관악구 관악로5길 42,,,
청룡동-11,서울특별시 관악구 남부순환로214길 41,,,
청룡동-12,서울특별시 관악구 쑥고개로21길 22,,,
청룡동-13,서울특별시 관악구 쑥고개로22길 40,,,
청룡동-14,서울특별시 관악구 쑥고개로26길 23,,,
청룡동-15,서울특별시 관악구 쑥고개로30길 11,,,
청룡동-16,서울특별시 관악구 쑥고개로30길 28,,,
청룡동-17,서울특별시 관악구 장군봉15길 9,,,
청룡동-18,서울특별시 관악구 장군봉15길 9,,,
청룡동-19,서울특별시 관악구 장군봉3길 24,,,
청룡동-20,서울특별시 관악구 장군봉3길 8,,,
청룡동-21,서울특별시 관악구 장군봉4길 20,,,
청룡동-22,서울특별시 관악구 장군봉5길 9,,,
청룡동-23,서울특별시 관악구 장군봉6길 1,,,
청룡동-24,서울특별시 관악구 장군봉6길 21,,,
청룡동-25,서울특별시 관악구 장군봉6길 30,,,
청룡동-26,서울특별시 관악구 장군봉6길 42,,,
청룡동-27,서울특별시 관악구 장군봉7길 16,,,
청룡동-28,서울특별시 관악구 장군봉7길 33,,,
청룡동-29,서울특별시 관악구 장군봉8길 15,,,
청룡동-30,서울특별시 관악구 장군봉9길 20,,,
청룡동-31,서울특별시 관악구 장군봉9길 5,,,
청룡동-32,서울특별시 관악구 장군봉길 59,,,
청룡동-33,서울특별시 관악구 장군봉길 85,,,
청룡동-34,서울특별시 관악구 참숯1길 57,,,
청룡동-35,서울특별시 관악구 참숯5길 6,,,
청룡동-36,서울특별시 관악구 청룡10길 10,,,
청룡동-37,서울특별시 관악구 청룡11길 13,,,
청룡동-38,서울특별시 관악구 청룡11길 28,,,
청룡동-39,서울특별시 관악구 청룡12길 1,,,
청룡동-40,서울특별시 관악구 청룡12길 11,,,
청룡동-41,서울특별시 관악구 청룡12길 21,,,
청룡동-42,서울특별시 관악구 청룡13길 15,,,
청룡동-43,서울특별시 관악구 청룡15길 14,,,
청룡동-44,서울특별시 관악구 청룡15길 26,,,
청룡동-45,서울특별시 관악구 청룡15길 30,,,
청룡동-46,서울특별시 관악구 청룡16길 16,,,
청룡동-47,서울특별시 관악구 청룡1길 19,,,
청룡동-48,서울특별시 관악구 청룡1길 42,,,
청룡동-49,서울특별시 관악구 청룡3길 22,,,
청룡동-50,서울특별시 관악구 청룡5길 6,,,
청룡동-51,서울특별시 관악구 청룡7길 38,,,
청룡동-52,서울특별시 관악구 청룡7길 64,,,
청룡동-53,서울특별시 관악구 청룡8길 83,,,
청룡동-54,서울특별시 관악구 청룡9길 12,,,
청룡동-55,서울특별시 관악구 청룡9길 12-39,,,
청룡동-56,서울특별시 관악구 청룡길 112,,,
청룡동-57,서울특별시 관악구 청룡길 41,,,
보라매동-1,서울특별시 관악구 당곡2길 107,,,
보라매동-2,서울특별시 관악구 당곡2길 33,,,
보라매동-3,서울특별시 관악구 당곡6가길 1,,,
보라매동-4,서울특별시 관악구 당곡6가길 12,,,
보라매동-5,서울특별시 관악구 당곡6길 56,,,
보라매동-6,서울특별시 관악구 당곡6나길 18,,,
보라매동-7,서울특별시 관악구 당곡6나길 26,,,
보라매동-8,서울특별시 관악구 당곡6나길 3,,,
보라매동-9,서울특별시 관악구 당곡6다길 29,,,
보라매동-10,서울특별시 관악구 당곡6라길 18,,,
보라매동-11,서울특별시 관악구 당곡길 68-6,,,
보라매동-12,서울특별시 관악구 보라매로6길 20,,,
보라매동-13,서울특별시 관악구 보라매로6길 34-4,,,
보라매동-14,서울특별시 관악구 보라매로6길 45,,,
보라매동-15,서울특별시 관악구 보라매로6길 45-14,,,
보라매동-16,서울특별시 관악구 봉천로13길 29-16,,,
보라매동-17,서울특별시 관악구 봉천로13길 90,,,
보라매동-18,서울특별시 관악구 봉천로13길 98,,,
보라매동-19,서울특별시 관악구 봉천로13나길 15,,,
보라매동-20,서울특별시 관악구 봉천로13나길 64,,,
보라매동-21,서울특별시 관악구 봉천로13다길 23,,,
보라매동-22,서울특별시 관악구 봉천로13다길 3,,,
보라매동-23,서울특별시 관악구 봉천로19길 23-14,,,
보라매동-24,서울특별시 관악구 봉천로19길 39,,,
보라매동-25,서울특별시 관악구 봉천로21길 21,,,
보라매동-26,서울특별시 관악구 봉천로21길 35,,,
보라매동-27,서울특별시 관악구 봉천로21길 93,,,
보라매동-28,서울특별시 관악구 봉천로21나길 11,,,
보라매동-29,서울특별시 관악구 봉천로21나길 33,,,
보라매동-30,서울특별시 관악구 봉천로21다길 13,,,
보라매동-31,서울특별시 관악구 봉천로21다길 28,,,
보라매동-32,서울특별시 관악구 봉천로21다길 5,,,
보라매동-33,서울특별시 관악구 봉천로23길 31,,,
보라매동-34,서울특별시 관악구 봉천로23길 73,,,
보라매동-35,서울특별시 관악구 봉천로23길 92,,,
보라매동-36,서울특별시 관악구 봉천로23다길 31-4,,,
보라매동-37,서울특별시 관악구 봉천로23다길 59-3,,,
보라매동-38,서울특별시 관악구 봉천로23바길 13-25,,,
보라매동-39,서울특별시 관악구 봉천로23바길 21,,,
보라매동-40,서울특별시 관악구 은천로5길 18,,,
보라매동-41,서울특별시 관악구 은천로5길 37,,,
은천동-1,서울특별시 관악구 국회단지12길 18,,,
은천동-2,서울특별시 관악구 국회단지12길 3,,,
은천동-3,서울특별시 관악구 국회단지13길 16,,,
은천동-4,서울특별시 관악구 국회단지16길 29,,,
은천동-5,서울특별시 관악구 국회단지18길 13,,,
은천동-6,서울특별시 관악구 국회단지18길 32,,,
은천동-7,서울특별시 관악구 국회단지22길 16,,,
은천동-8,서울특별시 관악구 국회단지22길 24,,,
은천동-9,서울특별시 관악구 국회단지25길 12,,,
은천동-10,서울특별시 관악구 국회단지27길 11,,,
은천동-11,서울특별시 관악구 국회단지4길 9,,,
은천동-12,서울특별시 관악구 국회단지5길 3,,,
은천동-13,서울특별시 관악구 국회단지6길 33,,,
은천동-14,서울특별시 관악구 국회단지6길 6,,,
은천동-15,서울특별시 관악구 국회단지7길 19,,,
은천동-16,서울특별시 관악구 국회단지7길 26,,,
은천동-17,서울특별시 관악구 국회단지9길 7,,,
은천동-18,서울특별시 관악구 국회단지길 133,,,
은천동-19,서울특별시 관악구 국회단지길 136-14,,,
은천동-20,서울특별시 관악구 국회단지길 98,,,
은천동-21,서울특별시 관악구 남부순환로191가길 7,,,
은천동-22,서울특별시 관악구 봉천로27길 24,,,
은천동-23,서울특별시 관악구 봉천로27길 58-5,,,
은천동-24,서울특별시 관악구 봉천로31길 51,,,
은천동-25,서울특별시 관악구 봉천로33길 18,,,
은천동-26,서울특별시 관악구 봉천로33길 34,,,
은천동-27,서울특별시 관악구 봉천로33길 34,,,
은천동-28,서울특별시 관악구 봉천로33나길 18,,,
은천동-29,서울특별시 관악구 양녕로5길 17,,,
은천동-30,서울특별시 관악구 양녕로5길 31,,,
은천동-31,서울특별시 관악구 양녕로5길 37,,,
은천동-32,서울특별시 관악구 양녕로5길 43,,,
은천동-33,서울특별시 관악구 은천로10길 35,,,
은천동-34,서울특별시 관악구 은천로2길 24,,,
은천동-35,서울특별시 관악구 은천로2길 6,,,
은천동-36,서울특별시 관악구 은천로8길 9,,,
신림동-1,서울특별시 관악구 관천로16길 28,,,
신림동-2,서울특별시 관악구 관천로18길 27,,,
신림동-3,서울특별시 관악구 관천로18길 31,,,
신림동-4,서울특별시 관악구 관천로20길 22,,,
신림동-5,서울특별시 관악구 관천로22길 15,,,
신림동-6,서울특별시 관악구 관천로22길 3,,,
신림동-7,서울특별시 관악구 관천로22길 61,,,
신림동-8,서울특별시 관악구 관천로22길 61,,,
신림동-9,서울특별시 관악구 관천로22길 79,,,
신림동-10,서울특별시 관악구 관천로24길 16,,,
신림동-11,서울특별시 관악구 관천로26길 15,,,
신림동-12,서울특별시 관악구 관천로26길 47,,,
신림동-13,서울특별시 관악구 관천로26길 60,,,
신림동-14,서울특별시 관악구 관천로26길 79,,,
신림동-15,서울특별시 관악구 남부순환로185길 25,,,
신림동-16,서울특별시 관악구 남부순환로187길 21,,,
신림동-17,서울특별시 관악구 봉천로12길 9,,,
신림동-18,서울특별시 관악구 봉천로14길 17,,,
신림동-19,서울특별시 관악구 봉천로20길 7,,,
신림동-20,서울특별시 관악구 봉천로6길 33,,,
신림동-21,서울특별시 관악구 봉천로8길 29,,,
신림동-22,서울특별시 관악구 봉천로8길 39,,,
신림동-23,서울특별시 관악구 봉천로8길 7,,,
신림동-24,서울특별시 관악구 신림동2길 5,,,
신림동-25,서울특별시 관악구 신림동5가길 25-8,,,
신림동-26,서울특별시 관악구 신림동길 34,,,
신림동-27,서울특별시 관악구 신림동길 40,,,
신림동-28,서울특별시 관악구 신림로70길 70,,,
신림동-29,서울특별시 관악구 신림로71길 16,,,
신림동-30,서울특별시 관악구 신림로71길 42,,,
신림동-31,서울특별시 관악구 신림로73길 13,,,
중앙동-1,서울특별시 관악구 봉천로41길 27,,,
중앙동-2,서울특별시 관악구 봉천로43길 23,,,
중앙동-3,서울특별시 관악구 봉천로49길 20,,,
중앙동-4,서울특별시 관악구 양녕로2가길 12,,,
중앙동-5,서울특별시 관악구 양녕로2길 30,,,
중앙동-6,서울특별시 관악구 양녕로6길 81,,,
중앙동-7,서울특별시 관악구 양녕로6길 93-10,,,
중앙동-8,서울특별시 관악구 양녕로6나길 30,,,
중앙동-9,서울특별시 관악구 양녕로6다길 11-2,,,
중앙동-10,서울특별시 관악구 양녕로6다길 45,,,
중앙동-11,서울특별시 관악구 양녕로6다길 8,,,
중앙동-12,서울특별시 관악구 은천로 144,,,
중앙동-13,서울특별시 관악구 은천로24길 14,,,
중앙동-14,서울특별시 관악구 은천로26길 6,,,
중앙동-15,서울특별시 관악구 은천로28길 3 맞은편,,,
중앙동-16,서울특별시 관악구 은천로30길 10,,,
중앙동-17,서울특별시 관악구 은천로32길 5,,,
중앙동-18,서울특별시 관악구 은천로34길 8,,,
중앙동-19,서울특별시 관악구 은천로35길 34-8,,,
중앙동-20,서울특별시 관악구 은천로38길 17,,,
중앙동-21,서울특별시 관악구 중앙1길 11,,,
중앙동-22,서울특별시 관악구 중앙길 133,,,
행운동-1,서울특별시 관악구 관악로24가길 16 맞은편,,,
행운동-2,서울특별시 관악구 관악로28길 52 맞은편,,,
행운동-3,서울특별시 관악구 남부순환로 1909 뒤,,,
행운동-4,서울특별시 관악구 남부순환로 1945-2 뒤,,,
행운동-5,서울특별시 관악구 남부순환로237길 21,,,
행운동-6,서울특별시 관악구 남부순환로237길 45,,,
행운동-7,서울특별시 관악구 남부순환로237길 47 맞은편,,,
행운동-8,서울특별시 관악구 남부순환로237길 53 맞은편,,,
행운동-9,서울특별시 관악구 남부순환로239길 45,,,
행운동-10,서울특별시 관악구 남부순환로239길 51 옆,,,
행운동-11,서울특별시 관악구 남부순환로247가길 14,,,
행운동-12,서울특별시 관악구 남부순환로247길 23,,,
행운동-13,서울특별시 관악구 남부순환로247길 68,,,
행운동-14,서울특별시 관악구 남부순환로247다길 10,,,
행운동-15,서울특별시 관악구 남부순환로247다길 55,,,
행운동-16,서울특별시 관악구 남부순환로249길 8 맞은편,,,
행운동-17,서울특별시 관악구 남부순환로251길 10-1 맞은편,,,
행운동-18,서울특별시 관악구 솔밭로2길 17-6,,,
행운동-19,서울특별시 관악구 솔밭로2길 17-6,,,
행운동-20,서울특별시 관악구 솔밭로2길 9,,,
행운동-21,서울특별시 관악구 솔밭로4길 10,,,
행운동-22,서울특별시 관악구 솔밭로4길 11-5,,,
행운동-23,서울특별시 관악구 솔밭로4길 12,,,
행운동-24,서울특별시 관악구 솔밭로7길 11-14,,,
행운동-25,서울특별시 관악구 솔밭로7길 16,,,
행운동-26,서울특별시 관악구 솔밭로7길 16,,,
행운동-27,서울특별시 관악구 솔밭로7길 5,,,
행운동-28,서울특별시 관악구 행운1길 58,,,
행운동-29,서울특별시 관악구 행운1길 87,,,
행운동-30,서울특별시 관악구 행운1나길 8-19,,,
행운동-31,서울특별시 관악구 행운1라길 11,,,
행운동-32,서울특별시 관악구 행운1라길 70,,,
행운동-33,서울특별시 관악구 행운1마길 16,,,
행운동-34,서울특별시 관악구 행운1마길 24,,,
행운동-35,서울특별시 관악구 행운4길 21,,,
행운동-36,서울특별시 관악구 행운4길 39,,,
행운동-37,서울특별시 관악구 행운4길 47,,,
행운동-38,서울특별시 관악구 행운4길 55-8,,,
행운동-39,서울특별시 관악구 행운4길 56,,,
행운동-40,서울특별시 관악구 행운5길 20,,,
행운동-41,서울특별시 관악구 행운5길 24,,,
행운동-42,서울특별시 관악구 행운5길 25,,,
행운동-43,서울특별시 관악구 행운5길 37-11 맞은편,,,
행운동-44,서울특별시 관악구 행운7길 14,,,
행운동-45,서울특별시 관악구 행운7길 40-12 맞은편,,,
행운동-46,서울특별시 관악구 행운9길 13,,,
청림동-1,서울특별시 관악구 청림2길 28,,,
청림동-2,서울특별시 관악구 청림3길 36,,,
청림동-3,서울특별시 관악구 청림3길 56,,,
청림동-4,서울특별시 관악구 청림3길 59,,,
청림동-5,서울특별시 관악구 청림3길 84,,,
청림동-6,서울특별시 관악구 청림3마길 14-15,,,
청림동-7,서울특별시 관악구 청림5길 29,,,
청림동-8,서울특별시 관악구 청림5길 54,,,
청림동-9,서울특별시 관악구 청림5길 70,,,
청림동-10,서울특별시 관악구 청림6길 13 맞은편,,,
성현동-1,서울특별시 관악구 관악로37길 20,,,
성현동-2,서울특별시 관악구 관악로37길 45,,,
성현동-3,서울특별시 관악구 은천로19길 14-10,,,
성현동-4,서울특별시 관악구 은천로21길 10 맞은편,,,
성현동-5,서울특별시 관악구 은천로21길 22 맞은편,,,
성현동-6,서울특별시 관악구 은천로21길 40,,,
성현동-7,서울특별시 관악구 은천로23길 34-14,,,
성현동-8,서울특별시 관악구 은천로25길 37,,,
성현동-9,서울특별시 관악구 은천로25길 51,,,
성현동-10,서울특별시 관악구 은천로35길 11,,,
성현동-11,서울특별시 관악구 은천로35다길 10,,,
성현동-12,서울특별시 관악구 은천로35다길 16,,,
성현동-13,서울특별시 관악구 은천로35라길 27,,,
성현동-14,서울특별시 관악구 은천로35마길 16,,,
성현동-15,서울특별시 관악구 은천로35바길 7,,,
성현동-16,서울특별시 관악구 은천로39길 34,,,
성현동-17,서울특별시 관악구 은천로39길 83,,,
성현동-18,서울특별시 관악구 은천로39길 9,,,
성현동-19,서울특별시 관악구 은천로39길 94,,,
